RMSE,MAE,R2,Model
40.495101291884744,30.29860967441409,0.6838057358432323,LightGBM
40.922490540777254,30.71719361728755,0.6770962250778256,XGBoost
