Model,RMSE,MAE,R2
TuneLightGBM,38.76332624205642,28.188097810239103,0.7102715914275508
TuneXGBoost,38.845322098590124,27.98760769430065,0.7090445731420771
